{
  "category": "General",
  "guid": "4344669f-555b-4525-b86f-d66dbb9ae81b",
  "name": "Download Monitor",
  "description": "A Jellyfin plugin that adds a Downloads menu item to the sidebar, allowing you to monitor active downloads from Radarr directly within the Jellyfin web interface.",
  "owner": "Kyandro",
  "overview": "Monitor and display Radarr download progress in Jellyfin",
  "version": "0.2.0.0",
  "changelog": "Initial release",
  "targetAbi": "10.11.0.0",
  "sourceUrl": "https://github.com/kyandro-voet/Jellyfin-Plugin-Download-Status/releases/download/v0.2.0.0/download-monitor-0.2.0.0.zip",
  "timestamp": "2026-01-04T16:24:48Z"
}
